Route_Name,Route_Link,Bus_Name,Bus_Type,Departing_Time,Duration,Reaching_Time,Star_Rating,Price,Seat_Availability
Digha to Kolkata,https://www.redbus.in/bus-tickets/digha-to-kolkata,SBSTC-DIGHA - KOLKATA - 05:30 (KALNA DEPOT) - 3646,Non AC Seater (2+3),05:30,04h 30m,10:00,4.2,INR 155,52 Seats available
Digha to Kolkata,https://www.redbus.in/bus-tickets/digha-to-kolkata,SBSTC-DIGHA - KOLKATA - 05:40 (ARM DEPOR) - 897,Non AC Seater (2+3),05:40,04h 30m,10:10,3.5,INR 155,52 Seats available
Digha to Kolkata,https://www.redbus.in/bus-tickets/digha-to-kolkata,SBSTC-DIGHA - BARASAT - 06:00 (DIGHA DEPOT) - 853,Non AC Seater (2+3),06:00,04h 30m,10:30,4.1,INR 155,47 Seats available
Digha to Kolkata,https://www.redbus.in/bus-tickets/digha-to-kolkata,SBSTC-DIGHA - KOLKATA - 06:30 (KHRP DEPOT) - 2776,Non AC Seater (2+3),06:30,04h 30m,11:00,3.7,INR 155,52 Seats available
Digha to Kolkata,https://www.redbus.in/bus-tickets/digha-to-kolkata,SBSTC-DIGHA - KOLKATA - 07:20 (MID DEPOT) - 3149,Non AC Seater (2+3),07:20,04h 30m,11:50,3.2,INR 155,52 Seats available
Digha to Kolkata,https://www.redbus.in/bus-tickets/digha-to-kolkata,SBSTC-DIGHA - KOLKATA - 07:40 (KALNA DEPOT) - 3825,Non AC Seater (2+3),07:40,04h 30m,12:10,2.7,INR 155,52 Seats available
Digha to Kolkata,https://www.redbus.in/bus-tickets/digha-to-kolkata,SBSTC-DIGHA - KOLKATA - 08:00 (ARM DEPOT) - 720,Non AC Seater (2+3),08:00,04h 30m,12:30,3.9,INR 155,52 Seats available
Digha to Kolkata,https://www.redbus.in/bus-tickets/digha-to-kolkata,SBSTC-DIGHA - GARIA - VIA - CONTAI - 08:10 - 507,Non AC Seater (2+3),08:10,04h 40m,12:50,4.4,INR 155,43 Seats available
Digha to Kolkata,https://www.redbus.in/bus-tickets/digha-to-kolkata,SBSTC-DIGHA - KOLKATA - 08:35 (MID DEPOT) - 3157,Non AC Seater (2+3),08:35,04h 30m,13:05,3.2,INR 155,52 Seats available
Digha to Kolkata,https://www.redbus.in/bus-tickets/digha-to-kolkata,SBSTC-DIGHA - GARIA - 09:25 (DIGHA DEPOT) - 3753,Non AC Seater (2+3),09:25,04h 30m,13:55,3.9,INR 155,52 Seats available
Digha to Kolkata,https://www.redbus.in/bus-tickets/digha-to-kolkata,SBSTC-DIGHA - HABRA - 09:45 (DIG DEPOT) - 3700,Non AC Seater (2+3),09:45,04h 30m,14:15,3.7,INR 155,48 Seats available
Digha to Kolkata,https://www.redbus.in/bus-tickets/digha-to-kolkata,SBSTC-DIGHA - GARIA - 10:00 (DIGHA DEPOT) - 4015,Non AC Seater (2+3),10:00,04h 30m,14:30,3.5,INR 155,52 Seats available
Digha to Kolkata,https://www.redbus.in/bus-tickets/digha-to-kolkata,SBSTC-DIGHA - BARASAT - 10:20 - 508,Non AC Seater (2+3),10:20,04h 30m,14:50,2.9,INR 155,52 Seats available
Digha to Kolkata,https://www.redbus.in/bus-tickets/digha-to-kolkata,SBSTC-DIGHA - GARIA - 10:30 (DIGHA DEPOT) - 2680,Non AC Seater (2+3),10:30,05h 30m,16:00,3.8,INR 162,52 Seats available
Digha to Kolkata,https://www.redbus.in/bus-tickets/digha-to-kolkata,SBSTC-DIGHA - BELGHARIA - 10:40 (BEL DEPOT) - 1363,Non AC Seater (2+3),10:40,05h 00m,15:40,2.8,INR 155,52 Seats available
Digha to Kolkata,https://www.redbus.in/bus-tickets/digha-to-kolkata,SBSTC-DIGHA - KOLKATA - 11:10 (HWH DEPOT) - 536,Non AC Seater (2+3),11:10,04h 30m,15:40,2.5,INR 155,52 Seats available
Digha to Kolkata,https://www.redbus.in/bus-tickets/digha-to-kolkata,SBSTC-DIGHA - BELGHARIA - 11:15 (BEL DEPOT) - 3713,Non AC Seater (2+3),11:15,05h 00m,16:15,3.0,INR 155,52 Seats available
Digha to Kolkata,https://www.redbus.in/bus-tickets/digha-to-kolkata,SBSTC-DIGHA - THAKURPUKUR - 11:20 (DIGHA DEPOT) - 775,Non AC Seater (2+3),11:20,12h 40m,00:00,4.0,INR 170,52 Seats available
Digha to Kolkata,https://www.redbus.in/bus-tickets/digha-to-kolkata,SBSTC-DIGHA - BADAMTALA - 11:30 (BEL DEPOT) - 514,Non AC Seater (2+3),11:30,05h 00m,16:30,3.1,INR 154,52 Seats available
Digha to Kolkata,https://www.redbus.in/bus-tickets/digha-to-kolkata,SBSTC-DIGHA - FALTA - VIA - KOLKATA - 11:35 (FALTA DEPOT - 3703,Non AC Seater (2+3),11:35,04h 30m,16:05,2.9,INR 155,52 Seats available
Digha to Kolkata,https://www.redbus.in/bus-tickets/digha-to-kolkata,SBSTC-DIGHA - KOLKATA - 11:50 (HWH DEPOT) - 1354,Non AC Seater (2+3),11:50,04h 30m,16:20,2.7,INR 155,52 Seats available
Digha to Kolkata,https://www.redbus.in/bus-tickets/digha-to-kolkata,SBSTC-DIGHA - BELGHORIA - 12:00 (BEL DEPOT) - 537,Non AC Seater (2+3),12:00,04h 30m,16:30,4.4,INR 153,52 Seats available
Digha to Kolkata,https://www.redbus.in/bus-tickets/digha-to-kolkata,SBSTC-DIGHA - GARIA - VIA - CONTAI - 12:10 - 773,Non AC Seater (2+3),12:10,05h 30m,17:40,3.3,INR 162,47 Seats available
Digha to Kolkata,https://www.redbus.in/bus-tickets/digha-to-kolkata,SBSTC-DIGHA - BARASAT - A/C - 12:15 (DIGHA DEPOT) - 688,AC Seater (2+2),12:15,04h 30m,16:45,3.1,INR 310,37 Seats available
Digha to Kolkata,https://www.redbus.in/bus-tickets/digha-to-kolkata,SBSTC-DIGHA - BIRATI - 12:20 (BEL DEPOT) - 772,Non AC Seater (2+3),12:20,05h 00m,17:20,3.5,INR 155,50 Seats available
Digha to Kolkata,https://www.redbus.in/bus-tickets/digha-to-kolkata,SBSTC-DIGHA - FALTA - VIA - KOLKATA - 12:35 (FALTA DEPOT - 3705,Non AC Seater (2+3),12:35,11h 25m,00:00,3.5,INR 160,52 Seats available
Digha to Kolkata,https://www.redbus.in/bus-tickets/digha-to-kolkata,SBSTC-DIGHA - NAIHATI - 12:40 (BEL DEPOT) - 3693,Non AC Seater (2+3),12:40,05h 00m,17:40,4.5,INR 154,52 Seats available
Digha to Kolkata,https://www.redbus.in/bus-tickets/digha-to-kolkata,SBSTC-DIGHA - KOLKATA - 12:50 (HOWRAH) - 829,Non AC Seater (2+3),12:50,04h 30m,17:20,2.9,INR 155,52 Seats available
Digha to Kolkata,https://www.redbus.in/bus-tickets/digha-to-kolkata,SBSTC-DIGHA - BELGHARIA - A/C - 13:00 (BEL DEPOT) - 1577,AC Seater (2+2),13:00,05h 00m,18:00,4.0,INR 310,35 Seats available
Digha to Kolkata,https://www.redbus.in/bus-tickets/digha-to-kolkata,SBSTC-DIGHA - BARUIPUR - 13:00 (DIGHA DEPOT) - 515,Non AC Seater (2+3),13:00,05h 30m,18:30,2.2,INR 162,49 Seats available
Digha to Kolkata,https://www.redbus.in/bus-tickets/digha-to-kolkata,SBSTC-DIGHA - DUMDUM - 13:10 VIA - DUNLOP - (BEL DEPOT) - 525,Non AC Seater (2+3),13:10,04h 30m,17:40,4.1,INR 155,46 Seats available
Digha to Kolkata,https://www.redbus.in/bus-tickets/digha-to-kolkata,SBSTC-DIGHA - KHARDAH - 13:20 (BEL DEPOT) - 521,Non AC Seater (2+3),13:20,05h 00m,18:20,2.2,INR 154,52 Seats available
Digha to Kolkata,https://www.redbus.in/bus-tickets/digha-to-kolkata,SBSTC-DIGHA - FALTA - VIA - KOLKATA - 13:20 (FALTA DEPOT - 518,Non AC Seater (2+3),13:20,10h 40m,00:00,3.5,INR 160,52 Seats available
Digha to Kolkata,https://www.redbus.in/bus-tickets/digha-to-kolkata,SBSTC-DIGHA - KOLKATA - 13:30 (HWH DEPOT) - 1811,Non AC Seater (2+3),13:30,04h 30m,18:00,3.0,INR 155,52 Seats available
Digha to Kolkata,https://www.redbus.in/bus-tickets/digha-to-kolkata,SBSTC-DIGHA - KOLKATA - A/C - SPL - 13:30 (HWH DEPOT) - 1904,AC Seater (2+2),13:30,04h 30m,18:00,1.8,INR 310,37 Seats available
Digha to Kolkata,https://www.redbus.in/bus-tickets/digha-to-kolkata,SBSTC-DIGHA - HABRA - 13:40 (DIGHA DEPOT) - 522,Non AC Seater (2+3),13:40,04h 30m,18:10,3.5,INR 155,50 Seats available
Digha to Kolkata,https://www.redbus.in/bus-tickets/digha-to-kolkata,SBSTC-DIGHA - FALTA - VIA - KOLKATA - 13:45 - 513,Non AC Seater (2+3),13:45,04h 30m,18:15,2.8,INR 155,52 Seats available
Digha to Kolkata,https://www.redbus.in/bus-tickets/digha-to-kolkata,SBSTC-DIGHA - KARUNAMOYEE - 13:50 (BEL DEPOT) - 1446,Non AC Seater (2+3),13:50,04h 30m,18:20,2.9,INR 155,52 Seats available
Digha to Kolkata,https://www.redbus.in/bus-tickets/digha-to-kolkata,SBSTC-DIGHA - NEW BARRACKPUR - 14:00 (BEL DEPOT) - 1698,Non AC Seater (2+3),14:00,04h 30m,18:30,3.0,INR 153,40 Seats available
Digha to Kolkata,https://www.redbus.in/bus-tickets/digha-to-kolkata,SBSTC-DIGHA - NAIHATI - 14:10 (BEL DEPOT) - 3694,Non AC Seater (2+3),14:10,05h 00m,19:10,3.1,INR 154,52 Seats available
Digha to Kolkata,https://www.redbus.in/bus-tickets/digha-to-kolkata,SBSTC-DIGHA - BELGHARIA - EXPRESS 2/2 SEAT - 14:15 (BEL - 3835,Express (Non AC Seater 2+2),14:15,05h 00m,19:15,3.5,INR 210,35 Seats available
Digha to Kolkata,https://www.redbus.in/bus-tickets/digha-to-kolkata,SBSTC-DIGHA - BARASAT - 14:20 (DIGHA DEPOT) - 516,Non AC Seater (2+3),14:20,04h 30m,18:50,4.1,INR 155,49 Seats available
Digha to Kolkata,https://www.redbus.in/bus-tickets/digha-to-kolkata,SBSTC-DIGHA - THAKURPUR - 14:30 (DIG DEPOT) - 839,Non AC Seater (2+3),14:30,04h 30m,19:00,3.3,INR 155,52 Seats available
Digha to Kolkata,https://www.redbus.in/bus-tickets/digha-to-kolkata,SBSTC-DIGHA - KARUNAMOYEE - A/C - 14:30 (DIGHA DEPOT) - 3962,AC Seater (2+2),14:30,04h 30m,19:00,3.5,INR 310,37 Seats available
Digha to Kolkata,https://www.redbus.in/bus-tickets/digha-to-kolkata,SBSTC-DIGHA - GARIA - VIA - KOLKATA - 14:40 (FALTA DEPOT - 3489,Non AC Seater (2+3),14:40,05h 30m,20:10,3.1,INR 162,52 Seats available
Digha to Kolkata,https://www.redbus.in/bus-tickets/digha-to-kolkata,SBSTC-DIGHA - GARIA - A/C - 14:50 (DIG DEPOT) - 735,AC Seater (2+2),14:50,04h 30m,19:20,3.2,INR 310,37 Seats available
Digha to Kolkata,https://www.redbus.in/bus-tickets/digha-to-kolkata,SBSTC-DIGHA - GARIA - VIA - KOLKATA - 15:10 - 734,Non AC Seater (2+3),15:10,04h 30m,19:40,3.4,INR 155,50 Seats available
Digha to Kolkata,https://www.redbus.in/bus-tickets/digha-to-kolkata,SBSTC-DIGHA - KARUNAMOYEE - VIA DUNLOP - 15:20 (DIGHA) - 3244,Non AC Seater (2+3),15:20,05h 00m,20:20,3.3,INR 170,52 Seats available
Digha to Kolkata,https://www.redbus.in/bus-tickets/digha-to-kolkata,SBSTC-DIGHA - KUDGHAT - VIA - KOLKATA - 15:30 (DIGHA) - 2684,Non AC Seater (2+3),15:30,04h 30m,20:00,3.5,INR 155,52 Seats available
Digha to Kolkata,https://www.redbus.in/bus-tickets/digha-to-kolkata,SBSTC-DIGHA - KOLKATA - 17:15 (DIGHA DEPOT) - 1158,Non AC Seater (2+3),17:15,04h 30m,21:45,2.9,INR 155,52 Seats available
Digha to Kolkata,https://www.redbus.in/bus-tickets/digha-to-kolkata,Express Line,Volvo 9600 Multi Axle Semi-Sleeper (2+2),13:45,04h 30m,18:15,4.5,INR 299,25 Seats available
Digha to Kolkata,https://www.redbus.in/bus-tickets/digha-to-kolkata,Shyamoli Paribahan Pvt Ltd,VE A/C Seater (2+2),13:45,05h 10m,18:55,4.3,INR 305,27 Seats available
Digha to Kolkata,https://www.redbus.in/bus-tickets/digha-to-kolkata,Greenline,Volvo A/C Seater (2+2),13:40,04h 45m,18:25,4.2,INR 300,45 Seats available
Digha to Kolkata,https://www.redbus.in/bus-tickets/digha-to-kolkata,Mayuri Express,A/C Seater (2+3),11:15,04h 45m,16:00,4.2,INR 260,56 Seats available
Digha to Kolkata,https://www.redbus.in/bus-tickets/digha-to-kolkata,Express Line,Volvo 9600 A/C Semi Sleeper (2+2),10:25,04h 55m,15:20,4.0,INR 349,31 Seats available
Digha to Kolkata,https://www.redbus.in/bus-tickets/digha-to-kolkata,Mayuri Express,AC Seater (2+2),10:30,05h 00m,15:30,4.0,INR 280,45 Seats available
Digha to Kolkata,https://www.redbus.in/bus-tickets/digha-to-kolkata,Shyamoli Paribahan Pvt Ltd,VE A/C Seater (2+2),09:50,05h 30m,15:20,3.8,INR 355,23 Seats available
Digha to Kolkata,https://www.redbus.in/bus-tickets/digha-to-kolkata,Monikanchan Bus Service,A/C Seater (2+3),13:30,04h 15m,17:45,4.5,338,48 Seats available
Digha to Kolkata,https://www.redbus.in/bus-tickets/digha-to-kolkata,Maa Chandi Travels,A/C Seater / Sleeper (2+2),12:35,04h 40m,17:15,3.9,INR 300,17 Seats available
Digha to Kolkata,https://www.redbus.in/bus-tickets/digha-to-kolkata,Samanta Travels,A/C Seater (2+3),14:30,04h 50m,19:20,3.3,INR 300,20 Seats available
Digha to Kolkata,https://www.redbus.in/bus-tickets/digha-to-kolkata,Bengal Surface Transport,A/C Seater / Sleeper (2+2),10:55,05h 00m,15:55,3.8,399,37 Seats available
Digha to Kolkata,https://www.redbus.in/bus-tickets/digha-to-kolkata,City Express (Shinjini),AC Seater (2+3),22:45,05h 25m,04:10,3.7,288,26 Seats available
Digha to Kolkata,https://www.redbus.in/bus-tickets/digha-to-kolkata,Snemita Paribahan(Shinjini),A/C Seater (2+3),22:45,05h 25m,04:10,3.8,288,30 Seats available
Digha to Kolkata,https://www.redbus.in/bus-tickets/digha-to-kolkata,Snemita Paribahan,AC Seater (2+3),11:10,04h 25m,15:35,4.0,338,17 Seats available
Digha to Kolkata,https://www.redbus.in/bus-tickets/digha-to-kolkata,Snemita Pariseba(Samanta),A/C Seater Push Back (2+3),14:45,04h 35m,19:20,3.0,243,34 Seats available
Digha to Kolkata,https://www.redbus.in/bus-tickets/digha-to-kolkata,Snemita Parisheba(SNEHA GOLD),AC Seater (2+3),16:40,04h 50m,21:30,3.2,243,44 Seats available
Digha to Kolkata,https://www.redbus.in/bus-tickets/digha-to-kolkata,The Joy Ride,A/C Seater / Sleeper (2+2),21:15,05h 15m,02:30,4.5,INR 650,57 Seats available
Digha to Kolkata,https://www.redbus.in/bus-tickets/digha-to-kolkata,Haimanti Bus Service,AC Seater (2+3),05:40,04h 50m,10:30,3.1,INR 200,20 Seats available
Digha to Kolkata,https://www.redbus.in/bus-tickets/digha-to-kolkata,Basu Travels,A/C Seater / Sleeper (2+2),10:55,05h 00m,15:55,3.9,375,34 Seats available
Digha to Kolkata,https://www.redbus.in/bus-tickets/digha-to-kolkata,Ankita Paribahan(Atithi),A/C Seater Push Back (2+3),13:35,04h 15m,17:50,3.1,288,39 Seats available
Digha to Kolkata,https://www.redbus.in/bus-tickets/digha-to-kolkata,Satya Paribahan,A/C Seater (2+3),23:00,04h 45m,03:45,3.0,INR 320,38 Seats available
Digha to Kolkata,https://www.redbus.in/bus-tickets/digha-to-kolkata,SANTOSH BUS SERVICE,AC Seater (2+3),04:30,04h 30m,09:00,4.7,INR 310,39 Seats available
Digha to Kolkata,https://www.redbus.in/bus-tickets/digha-to-kolkata,Sneha Gold Bus Service,A/C Seater (2+3),16:30,05h 00m,21:30,3.2,INR 300,20 Seats available
Digha to Kolkata,https://www.redbus.in/bus-tickets/digha-to-kolkata,Parameswar Travels,A/C Seater Push Back (2+3),09:30,04h 45m,14:15,2.8,238,51 Seats available
Digha to Kolkata,https://www.redbus.in/bus-tickets/digha-to-kolkata,City Express (Maa Gouri),AC Seater (2+3),04:57,04h 28m,09:25,3.4,270,26 Seats available
Digha to Kolkata,https://www.redbus.in/bus-tickets/digha-to-kolkata,Snemita Paribahan(Snemita),AC Seater (2+3),11:45,04h 40m,16:25,2.9,270,41 Seats available
Digha to Kolkata,https://www.redbus.in/bus-tickets/digha-to-kolkata,Snemita Parisheba (Manikanchan),AC Seater (2+3),12:20,04h 25m,16:45,3.1,333,10 Seats available
Digha to Kolkata,https://www.redbus.in/bus-tickets/digha-to-kolkata,Snemita Paribahan(Jackson),AC Seater (2+2),13:40,04h 50m,18:30,3.0,320,24 Seats available
Digha to Kolkata,https://www.redbus.in/bus-tickets/digha-to-kolkata,Parameswar Travels,A/C Seater Push Back (2+3),20:00,05h 35m,01:35,3.4,238,20 Seats available
Digha to Kolkata,https://www.redbus.in/bus-tickets/digha-to-kolkata,City Express (Angel),AC Seater (2+3),13:50,04h 40m,18:30,2.8,320,31 Seats available
Digha to Kolkata,https://www.redbus.in/bus-tickets/digha-to-kolkata,Ankita Paribahan (Haimanti),A/C Seater Push Back (2+3),06:00,04h 30m,10:30,2.9,315,39 Seats available
Digha to Kolkata,https://www.redbus.in/bus-tickets/digha-to-kolkata,City Express (Snemita),AC Seater (2+3),11:10,04h 20m,15:30,3.5,338,31 Seats available
Digha to Kolkata,https://www.redbus.in/bus-tickets/digha-to-kolkata,Ankita Paribahan(Atithi),A/C Seater (2+3),10:45,05h 00m,15:45,2.9,270,41 Seats available
Digha to Kolkata,https://www.redbus.in/bus-tickets/digha-to-kolkata,Ankita Paribahan(Atithi),A/C Seater Push Back (2+3),12:15,04h 30m,16:45,2.9,270,35 Seats available
Digha to Kolkata,https://www.redbus.in/bus-tickets/digha-to-kolkata,Snemita Paribahan,A/C Seater / Sleeper (2+2),12:35,05h 00m,17:35,2.7,378,53 Seats available
Digha to Kolkata,https://www.redbus.in/bus-tickets/digha-to-kolkata,Parameswar Travels,A/C Seater Push Back (2+2),17:50,05h 10m,23:00,2.5,285,26 Seats available
Digha to Kolkata,https://www.redbus.in/bus-tickets/digha-to-kolkata,Ankita Paribahan (Maity Motor),A/C Seater Push Back (2+3),13:05,04h 25m,17:30,2.4,270,40 Seats available
Digha to Kolkata,https://www.redbus.in/bus-tickets/digha-to-kolkata,City Express (Maa Gauri),AC Seater (2+3),05:45,04h 25m,10:10,2.9,270,15 Seats available
Digha to Kolkata,https://www.redbus.in/bus-tickets/digha-to-kolkata,Snemita Paribahan,AC Seater (2+3),12:15,04h 25m,16:40,2.1,338,56 Seats available
Digha to Kolkata,https://www.redbus.in/bus-tickets/digha-to-kolkata,Monikanchan Bus Service,A/C Seater (2+3),12:20,04h 20m,16:40,2.8,338,21 Seats available
Kolkata to Digha,https://www.redbus.in/bus-tickets/kolkata-to-digha,SBSTC-GARIA - DIGHA - 04:00 (DIGHA DEPOT) - 911,Non AC Seater (2+3),04:00,20h 00m,00:00,4.1,INR 162,43 Seats available
Kolkata to Digha,https://www.redbus.in/bus-tickets/kolkata-to-digha,SBSTC-GARIA - DIGHA - 04:30 (DIGHA DEPOT) - 1216,Non AC Seater (2+3),04:30,19h 30m,00:00,2.9,INR 162,52 Seats available
Kolkata to Digha,https://www.redbus.in/bus-tickets/kolkata-to-digha,SBSTC-GARIA - DIGHA - 05:00 (DIGHA DEPOT) - 910,Non AC Seater (2+3),05:00,19h 00m,00:00,4.2,INR 162,47 Seats available
Kolkata to Digha,https://www.redbus.in/bus-tickets/kolkata-to-digha,SBSTC-BELGHARIA - DIGHA - 05:15 (BEL DEPOT) - 1362,Non AC Seater (2+3),05:15,04h 30m,09:45,3.9,INR 155,49 Seats available
Kolkata to Digha,https://www.redbus.in/bus-tickets/kolkata-to-digha,SBSTC-KOLKATA - DIGHA - 06:00 (HWH DEPOT) - 1001,Non AC Seater (2+3),06:00,04h 30m,10:30,3.2,INR 155,48 Seats available
Kolkata to Digha,https://www.redbus.in/bus-tickets/kolkata-to-digha,SBSTC-BADAMTALA - DIGHA - 05:30 - 905,Non AC Seater (2+3),06:00,04h 30m,10:30,3.2,INR 154,37 Seats available
Kolkata to Digha,https://www.redbus.in/bus-tickets/kolkata-to-digha,SBSTC-KARUNAMOYEE - DIGHA - VIA DUNLOP - 06:15 (DIGHA) - 1760,Non AC Seater (2+3),06:15,05h 00m,11:15,3.9,INR 170,17 Seats available
Kolkata to Digha,https://www.redbus.in/bus-tickets/kolkata-to-digha,SBSTC-BELGHARIA - DIGHA - 06:30 (BEL DEPOT) - 900,Non AC Seater (2+3),06:30,04h 30m,11:00,3.8,INR 155,44 Seats available
Kolkata to Digha,https://www.redbus.in/bus-tickets/kolkata-to-digha,SBSTC-GARIA - DIGHA - 06:30 (FALTA DEPOT) - 909,Non AC Seater (2+3),06:30,17h 30m,00:00,4.1,INR 162,32 Seats available
Kolkata to Digha,https://www.redbus.in/bus-tickets/kolkata-to-digha,SBSTC-KOLKATA - DIGHA - 06:30 (HWH DEPOT) - 613,Non AC Seater (2+3),06:30,04h 30m,11:00,3.3,INR 155,44 Seats available
Kolkata to Digha,https://www.redbus.in/bus-tickets/kolkata-to-digha,SBSTC-BIRATI - DIGHA - 06:00 - 904,Non AC Seater (2+3),06:45,04h 30m,11:15,4.7,INR 154,22 Seats available
Kolkata to Digha,https://www.redbus.in/bus-tickets/kolkata-to-digha,SBSTC-BARUIPUR - DIGHA - 06:15 (DIGHA DEPOT) - 549,Non AC Seater (2+3),06:50,17h 10m,00:00,3.7,INR 162,46 Seats available
Kolkata to Digha,https://www.redbus.in/bus-tickets/kolkata-to-digha,SBSTC-KOLKATA - DIGHA - 07:00 (HWH DEPOT) - 614,Non AC Seater (2+3),07:00,04h 30m,11:30,3.5,INR 155,52 Seats available
Kolkata to Digha,https://www.redbus.in/bus-tickets/kolkata-to-digha,SBSTC-KHARDAH - DIGHA - VIA - BELGHORIA - 06.30 - 901,Non AC Seater (2+3),07:00,04h 30m,11:30,2.5,INR 154,33 Seats available
Kolkata to Digha,https://www.redbus.in/bus-tickets/kolkata-to-digha,SBSTC-KARUNAMOYEE - DIGHA - VIA DUNLOP - 07:15 (BEL) - 1445,Non AC Seater (2+3),07:15,05h 00m,12:15,3.7,INR 170,25 Seats available
Kolkata to Digha,https://www.redbus.in/bus-tickets/kolkata-to-digha,SBSTC-BELGHARIA - DIGHA - A/C - 07:20 (BEL DEPOT) - 1576,AC Seater (2+2),07:20,04h 30m,11:50,4.2,INR 310,28 Seats available
Kolkata to Digha,https://www.redbus.in/bus-tickets/kolkata-to-digha,SBSTC-KOLKATA - DIGHA - 07:30 (HWH DEPOT) - 616,Non AC Seater (2+3),07:30,04h 30m,12:00,3.5,INR 155,52 Seats available
Kolkata to Digha,https://www.redbus.in/bus-tickets/kolkata-to-digha,SBSTC-BELGHARIA - DIGHA - 07:45 (BEL DEPOT) - 947,Non AC Seater (2+3),07:45,04h 30m,12:15,3.8,INR 155,50 Seats available
Kolkata to Digha,https://www.redbus.in/bus-tickets/kolkata-to-digha,SBSTC-FALTA - DIGHA - VIA - KOLKATA - 05:00 (FALTA DEPOT - 1404,Non AC Seater (2+3),07:50,04h 30m,12:20,2.2,INR 155,52 Seats available
Kolkata to Digha,https://www.redbus.in/bus-tickets/kolkata-to-digha,SBSTC-BELGHARIA - DIGHA - EXPRESS 2/2 SEAT - 08:10 (BEL - 3834,Express (Non AC Seater 2+2),08:10,04h 30m,12:40,3.6,INR 210,31 Seats available
Kolkata to Digha,https://www.redbus.in/bus-tickets/kolkata-to-digha,SBSTC-KOLKATA - DIGHA - 08:30 (MID DEPOT) - 3360,Non AC Seater (2+3),08:30,04h 30m,13:00,3.8,INR 155,50 Seats available
Kolkata to Digha,https://www.redbus.in/bus-tickets/kolkata-to-digha,SBSTC-KOLKATA - DIGHA - 09:00 (KALNA DEPOT) - 3645,Non AC Seater (2+3),09:00,04h 30m,13:30,3.6,INR 155,52 Seats available
Kolkata to Digha,https://www.redbus.in/bus-tickets/kolkata-to-digha,SBSTC-FALTA - DIGHA - VIA - KOLKATA - 06:00 (FALTA DEPOT - 3488,Non AC Seater (2+3),09:15,04h 30m,13:45,2.2,INR 155,52 Seats available
Kolkata to Digha,https://www.redbus.in/bus-tickets/kolkata-to-digha,SBSTC-KOLKATA - DIGHA - 10:00 (KHIRPAI DEPOT) - 3506,Non AC Seater (2+3),10:00,04h 30m,14:30,3.0,INR 155,51 Seats available
Kolkata to Digha,https://www.redbus.in/bus-tickets/kolkata-to-digha,SBSTC-FALTA - DIGHA - VIA - KOLKATA - 07:00 (FALTA DEPOT - 547,Non AC Seater (2+3),10:15,04h 30m,14:45,2.8,INR 155,52 Seats available
Kolkata to Digha,https://www.redbus.in/bus-tickets/kolkata-to-digha,SBSTC-KOLKATA - DIGHA - 10:30 (MID DEPOT) - 3363,Non AC Seater (2+3),10:30,04h 30m,15:00,3.6,INR 155,52 Seats available
Kolkata to Digha,https://www.redbus.in/bus-tickets/kolkata-to-digha,SBSTC-ARAMBAG - DIGHA - VIA - KOLKATA - 07:40 - 1307,Non AC Seater (2+3),10:45,04h 30m,15:15,3.3,INR 155,52 Seats available
Kolkata to Digha,https://www.redbus.in/bus-tickets/kolkata-to-digha,SBSTC-KOLKATA - DIGHA - 11:45 (KALNA DEPOT) - 3822,Non AC Seater (2+3),11:45,04h 30m,16:15,4.1,INR 155,52 Seats available
Kolkata to Digha,https://www.redbus.in/bus-tickets/kolkata-to-digha,SBSTC-KOLKATA - DIGHA - 13:45 (MID DEPOT) - 971,Non AC Seater (2+3),13:45,04h 30m,18:15,2.7,INR 155,52 Seats available
Kolkata to Digha,https://www.redbus.in/bus-tickets/kolkata-to-digha,SBSTC-GARIA - DIGHA - 15:15 (DIGHA DEPOT) - 543,Non AC Seater (2+3),15:15,08h 45m,00:00,4.8,INR 162,48 Seats available
Kolkata to Digha,https://www.redbus.in/bus-tickets/kolkata-to-digha,SBSTC-KOLKATA - DIGHA - 23:30 (DIGHA DEPOT) - 3988,Non AC Seater (2+3),23:30,04h 30m,04:00,3.9,INR 155,38 Seats available
Kolkata to Digha,https://www.redbus.in/bus-tickets/kolkata-to-digha,Shyamoli Paribahan Pvt Ltd,VE A/C Seater (2+2),23:30,05h 00m,04:30,4.6,INR 400,36 Seats available
Kolkata to Digha,https://www.redbus.in/bus-tickets/kolkata-to-digha,Express Line,Volvo 9600 Multi Axle Semi-Sleeper (2+2),07:30,04h 25m,11:55,4.5,INR 299,25 Seats available
Kolkata to Digha,https://www.redbus.in/bus-tickets/kolkata-to-digha,Shyamoli Paribahan Pvt Ltd,VE A/C Seater (2+2),08:15,04h 30m,12:45,4.3,INR 416,15 Seats available
Kolkata to Digha,https://www.redbus.in/bus-tickets/kolkata-to-digha,AdSagufta Travels(Janhabi),A/C Seater Push Back (2+3),16:45,04h 30m,21:15,3.2,299,24 Seats available
Kolkata to Digha,https://www.redbus.in/bus-tickets/kolkata-to-digha,Greenline,Volvo A/C Seater (2+2),06:45,05h 00m,11:45,4.3,INR 300,23 Seats available
Kolkata to Digha,https://www.redbus.in/bus-tickets/kolkata-to-digha,Maa Chandi Travels,A/C Seater / Sleeper (2+2),22:00,07h 30m,05:30,4.2,INR 400,39 Seats available
Kolkata to Digha,https://www.redbus.in/bus-tickets/kolkata-to-digha,Mayuri Express,AC Seater (2+2),23:15,05h 15m,04:30,4.1,270,23 Seats available
Kolkata to Digha,https://www.redbus.in/bus-tickets/kolkata-to-digha,AdSagufta Travels (Mayuri),A/C Seater (2+2),23:15,04h 45m,04:00,3.8,347,20 Seats available
Kolkata to Digha,https://www.redbus.in/bus-tickets/kolkata-to-digha,Maa Chandi Travels,A/C Seater / Sleeper (2+2),23:57,05h 13m,05:10,4.2,INR 400,41 Seats available
Kolkata to Digha,https://www.redbus.in/bus-tickets/kolkata-to-digha,Sagufta Travels(Maa Chandi),A/C Seater / Sleeper (2+2),23:57,05h 13m,05:10,4.1,347,33 Seats available
Kolkata to Digha,https://www.redbus.in/bus-tickets/kolkata-to-digha,Express Line,VE A/C Seater (2+2),23:45,05h 00m,04:45,4.2,INR 339,39 Seats available
Kolkata to Digha,https://www.redbus.in/bus-tickets/kolkata-to-digha,City Express (Snemita),AC Seater (2+3),05:35,04h 30m,10:05,4.0,279,30 Seats available
Kolkata to Digha,https://www.redbus.in/bus-tickets/kolkata-to-digha,Jay Baba Bhutnath,A/C Seater (2+3),08:30,04h 30m,13:00,4.4,333,25 Seats available
Kolkata to Digha,https://www.redbus.in/bus-tickets/kolkata-to-digha,City Express (SHINJINI),AC Seater (2+3),06:39,04h 31m,11:10,4.2,279,30 Seats available
Kolkata to Digha,https://www.redbus.in/bus-tickets/kolkata-to-digha,Parameswar Travels,A/C Seater Push Back (2+3),23:45,05h 15m,05:00,3.2,285,51 Seats available
Kolkata to Digha,https://www.redbus.in/bus-tickets/kolkata-to-digha,Samanta Travels,A/C Seater (2+3),08:40,04h 30m,13:10,3.2,INR 300,20 Seats available
Kolkata to Digha,https://www.redbus.in/bus-tickets/kolkata-to-digha,Parameswar Travels,A/C Seater Push Back (2+3),23:59,05h 01m,05:00,3.2,285,49 Seats available
Kolkata to Digha,https://www.redbus.in/bus-tickets/kolkata-to-digha,Monikanchan Bus Service,A/C Seater (2+3),07:00,04h 15m,11:15,4.1,338,20 Seats available
Kolkata to Digha,https://www.redbus.in/bus-tickets/kolkata-to-digha,Snemita Paribahan (SHINJINI),A/C Seater (2+3),05:50,04h 30m,10:20,3.5,270,30 Seats available
Kolkata to Digha,https://www.redbus.in/bus-tickets/kolkata-to-digha,Snemita Paribahan (Maa Chandi)),A/C Push Back (2+3),06:21,04h 29m,10:50,4.3,270,32 Seats available
Kolkata to Digha,https://www.redbus.in/bus-tickets/kolkata-to-digha,Snemita Paribahan,Non AC Seater (2+3),05:00,04h 45m,09:45,3.6,198,54 Seats available
Kolkata to Digha,https://www.redbus.in/bus-tickets/kolkata-to-digha,Sagufta Travels(Angel),A/C Seater (2+2),23:58,05h 12m,05:10,4.2,299,22 Seats available
Kolkata to Digha,https://www.redbus.in/bus-tickets/kolkata-to-digha,Basu Travels,A/C Seater / Sleeper (2+2),23:59,05h 01m,05:00,3.5,319,34 Seats available
Kolkata to Digha,https://www.redbus.in/bus-tickets/kolkata-to-digha,Parameswar Travels,A/C Seater Push Back (2+3),07:35,04h 40m,12:15,3.3,238,36 Seats available
Kolkata to Digha,https://www.redbus.in/bus-tickets/kolkata-to-digha,City Express (Snemita),AC Seater (2+3),06:25,04h 05m,10:30,3.7,338,16 Seats available
Kolkata to Digha,https://www.redbus.in/bus-tickets/kolkata-to-digha,Parameswar Travels,A/C Seater Push Back (2+3),13:10,04h 46m,17:56,4.0,238,46 Seats available
Kolkata to Digha,https://www.redbus.in/bus-tickets/kolkata-to-digha,Sagufta Travels(Sonamoni),A/C Seater Push Back (2+3),11:20,05h 00m,16:20,3.6,299,20 Seats available
Kolkata to Digha,https://www.redbus.in/bus-tickets/kolkata-to-digha,Snemita Paribahan,AC Seater (2+3),06:30,04h 40m,11:10,3.9,338,25 Seats available
Kolkata to Digha,https://www.redbus.in/bus-tickets/kolkata-to-digha,Snemita Paribahan(Snemita),AC Seater (2+3),05:55,04h 31m,10:26,4.1,338,26 Seats available
Kolkata to Digha,https://www.redbus.in/bus-tickets/kolkata-to-digha,City Express,AC Seater (2+3),07:00,04h 10m,11:10,3.5,338,31 Seats available
Kolkata to Digha,https://www.redbus.in/bus-tickets/kolkata-to-digha,Monikanchan Bus Service,A/C Seater (2+3),07:15,04h 35m,11:50,3.5,338,30 Seats available
Kolkata to Digha,https://www.redbus.in/bus-tickets/kolkata-to-digha,Snemita Parisheba(Samanta),AC Seater (2+3),18:00,04h 25m,22:25,3.6,333,23 Seats available
Kolkata to Digha,https://www.redbus.in/bus-tickets/kolkata-to-digha,Sagufta Travels(Satya),A/C Seater Push Back (2+3),07:20,04h 40m,12:00,3.5,291,20 Seats available
Kolkata to Digha,https://www.redbus.in/bus-tickets/kolkata-to-digha,Parameswar Travels,A/C Seater Push Back (2+2),06:50,04h 45m,11:35,2.9,285,40 Seats available
Kolkata to Digha,https://www.redbus.in/bus-tickets/kolkata-to-digha,Arunita Paribahan,A/C Seater (2+3),06:05,04h 25m,10:30,4.1,270,20 Seats available
Kolkata to Digha,https://www.redbus.in/bus-tickets/kolkata-to-digha,Bengal Surface Transport,A/C Seater / Sleeper (2+2),23:55,05h 05m,05:00,3.0,440,37 Seats available
Kolkata to Digha,https://www.redbus.in/bus-tickets/kolkata-to-digha,City Express (Shinjini),AC Seater (2+3),23:50,05h 05m,04:55,2.8,333,35 Seats available
Kolkata to Digha,https://www.redbus.in/bus-tickets/kolkata-to-digha,Sagufta Travels (Jackson),A/C Seater (2+2),08:00,04h 40m,12:40,4.0,347,20 Seats available
Kolkata to Digha,https://www.redbus.in/bus-tickets/kolkata-to-digha,Snemita Parisheba (Sneha Gold),AC Seater (2+3),09:15,04h 30m,13:45,3.5,342,26 Seats available
Kolkata to Digha,https://www.redbus.in/bus-tickets/kolkata-to-digha,Sagufta Travels (Maity),A/C Seater (2+3),00:55,04h 55m,05:50,3.1,299,30 Seats available
Mandarmani to Kolkata,https://www.redbus.in/bus-tickets/mandarmani-to-kolkata,West bengal transport corporation - 75458,Non AC Seater (2+3),05:15,04h 05m,09:20,2.7,INR 145,23 Seats available
Mandarmani to Kolkata,https://www.redbus.in/bus-tickets/mandarmani-to-kolkata,West bengal transport corporation - 74675,Non AC Seater (2+3),06:30,04h 00m,10:30,1.3,INR 145,23 Seats available
Mandarmani to Kolkata,https://www.redbus.in/bus-tickets/mandarmani-to-kolkata,West bengal transport corporation - 158794,Non AC Seater (2+3),07:15,05h 15m,12:30,4.6,INR 160,26 Seats available
Mandarmani to Kolkata,https://www.redbus.in/bus-tickets/mandarmani-to-kolkata,West bengal transport corporation - 74747,Non AC Seater (2+3),10:10,04h 20m,14:30,2.2,INR 145,23 Seats available
Mandarmani to Kolkata,https://www.redbus.in/bus-tickets/mandarmani-to-kolkata,Express Line,Volvo 9600 Multi Axle Semi-Sleeper (2+2),14:30,03h 45m,18:15,4.7,INR 299,25 Seats available
Mandarmani to Kolkata,https://www.redbus.in/bus-tickets/mandarmani-to-kolkata,Shyamoli Paribahan Pvt Ltd,VE A/C Seater (2+2),10:35,04h 45m,15:20,4.4,INR 355,23 Seats available
Mandarmani to Kolkata,https://www.redbus.in/bus-tickets/mandarmani-to-kolkata,Shyamoli Paribahan Pvt Ltd,VE A/C Seater (2+2),14:30,04h 25m,18:55,4.4,INR 305,27 Seats available
Mandarmani to Kolkata,https://www.redbus.in/bus-tickets/mandarmani-to-kolkata,Mayuri Express,AC Seater (2+2),11:20,04h 10m,15:30,4.2,INR 280,45 Seats available
Mandarmani to Kolkata,https://www.redbus.in/bus-tickets/mandarmani-to-kolkata,Greenline,Volvo A/C Seater (2+2),14:10,04h 15m,18:25,4.0,INR 250,45 Seats available
Mandarmani to Kolkata,https://www.redbus.in/bus-tickets/mandarmani-to-kolkata,Express Line,Volvo 9600 A/C Semi Sleeper (2+2),11:10,04h 10m,15:20,4.0,INR 349,31 Seats available
Mandarmani to Kolkata,https://www.redbus.in/bus-tickets/mandarmani-to-kolkata,Mayuri Express,A/C Seater (2+3),11:45,04h 15m,16:00,4.0,INR 260,56 Seats available
Mandarmani to Kolkata,https://www.redbus.in/bus-tickets/mandarmani-to-kolkata,Ankita Paribahan(Atithi),A/C Seater Push Back (2+3),14:05,03h 45m,17:50,3.5,288,39 Seats available
Mandarmani to Kolkata,https://www.redbus.in/bus-tickets/mandarmani-to-kolkata,City Express (Jackson),AC Seater (2+2),14:15,04h 00m,18:15,3.5,333,20 Seats available
Mandarmani to Kolkata,https://www.redbus.in/bus-tickets/mandarmani-to-kolkata,City Express (Shinjini),AC Seater (2+3),16:00,03h 55m,19:55,3.2,270,25 Seats available
Mandarmani to Kolkata,https://www.redbus.in/bus-tickets/mandarmani-to-kolkata,Ankita Paribahan (Maity Motor),A/C Seater Push Back (2+3),13:45,03h 45m,17:30,3.3,270,40 Seats available
Mandarmani to Kolkata,https://www.redbus.in/bus-tickets/mandarmani-to-kolkata,Sandhya Travels,A/C Seater Push Back (2+3),12:50,04h 35m,17:25,3.3,INR 350,50 Seats available
Mandarmani to Kolkata,https://www.redbus.in/bus-tickets/mandarmani-to-kolkata,Samanta Travels,A/C Seater (2+3),15:15,04h 05m,19:20,2.8,INR 300,20 Seats available
Mandarmani to Kolkata,https://www.redbus.in/bus-tickets/mandarmani-to-kolkata,Snemita Paribahan,AC Seater (2+3),13:00,03h 40m,16:40,3.2,333,56 Seats available
Mandarmani to Kolkata,https://www.redbus.in/bus-tickets/mandarmani-to-kolkata,Snemita Paribahan,A/C Seater / Sleeper (2+2),13:30,04h 05m,17:35,3.3,378,53 Seats available
Mandarmani to Kolkata,https://www.redbus.in/bus-tickets/mandarmani-to-kolkata,Bengal Surface Transport,A/C Seater / Sleeper (2+2),11:40,04h 15m,15:55,3.2,399,37 Seats available
Mandarmani to Kolkata,https://www.redbus.in/bus-tickets/mandarmani-to-kolkata,Monikanchan Bus Service,A/C Seater (2+3),14:10,03h 35m,17:45,4.1,338,48 Seats available
Mandarmani to Kolkata,https://www.redbus.in/bus-tickets/mandarmani-to-kolkata,Ankita Paribahan(Atithi),A/C Seater Push Back (2+3),12:55,03h 50m,16:45,2.9,270,41 Seats available
Mandarmani to Kolkata,https://www.redbus.in/bus-tickets/mandarmani-to-kolkata,Snemita Pariseba(Samanta),A/C Seater Push Back (2+3),15:15,04h 05m,19:20,2.3,243,34 Seats available
Mandarmani to Kolkata,https://www.redbus.in/bus-tickets/mandarmani-to-kolkata,Snemita Parisheba (Manikanchan),AC Seater (2+3),12:50,03h 55m,16:45,2.7,333,10 Seats available
Mandarmani to Kolkata,https://www.redbus.in/bus-tickets/mandarmani-to-kolkata,Snemita Parisheba(SNEHA GOLD),AC Seater (2+3),17:10,04h 20m,21:30,2.5,243,46 Seats available
Mandarmani to Kolkata,https://www.redbus.in/bus-tickets/mandarmani-to-kolkata,City Express (Shinjini),AC Seater (2+3),16:40,03h 50m,20:30,2.9,270,26 Seats available
Mandarmani to Kolkata,https://www.redbus.in/bus-tickets/mandarmani-to-kolkata,Sneha Gold Bus Service,A/C Seater (2+3),17:10,04h 20m,21:30,3.1,INR 300,20 Seats available
Mandarmani to Kolkata,https://www.redbus.in/bus-tickets/mandarmani-to-kolkata,Maa Chandi Travels,A/C Seater / Sleeper (2+2),13:20,03h 55m,17:15,2.7,INR 400,17 Seats available
Mandarmani to Kolkata,https://www.redbus.in/bus-tickets/mandarmani-to-kolkata,Parameswar Travels,A/C Seater Push Back (2+3),09:50,04h 25m,14:15,1.6,238,51 Seats available
Mandarmani to Kolkata,https://www.redbus.in/bus-tickets/mandarmani-to-kolkata,Snemita Paribahan,AC Seater (2+3),12:00,04h 00m,16:00,2.2,270,46 Seats available
Mandarmani to Kolkata,https://www.redbus.in/bus-tickets/mandarmani-to-kolkata,Ankita Paribahan(Atithi),A/C Seater (2+3),11:25,04h 20m,15:45,2.1,270,41 Seats available
Mandarmani to Kolkata,https://www.redbus.in/bus-tickets/mandarmani-to-kolkata,Ankita Paribahan(Janhabi),A/C Seater Push Back (2+3),09:30,03h 55m,13:25,1.7,288,31 Seats available
Mandarmani to Kolkata,https://www.redbus.in/bus-tickets/mandarmani-to-kolkata,Snemita Paribahan (City Service),A/C Push Back (2+3),08:05,04h 05m,12:10,1.5,270,25 Seats available
Mandarmani to Kolkata,https://www.redbus.in/bus-tickets/mandarmani-to-kolkata,City Express (SONAMONI),AC Seater (2+3),06:45,04h 00m,10:45,2.4,270,29 Seats available
Mandarmani to Kolkata,https://www.redbus.in/bus-tickets/mandarmani-to-kolkata,City Express (Angel),AC Seater (2+3),14:30,04h 00m,18:30,1.5,320,31 Seats available
Mandarmani to Kolkata,https://www.redbus.in/bus-tickets/mandarmani-to-kolkata,Parameswar Travels,A/C Seater Push Back (2+2),18:30,04h 30m,23:00,2.1,285,26 Seats available
Mandarmani to Kolkata,https://www.redbus.in/bus-tickets/mandarmani-to-kolkata,Snemita Parisheba(SANTOSH),A/C Seater / Sleeper (2+2),12:45,03h 55m,16:40,3.2,252,33 Seats available
Mandarmani to Kolkata,https://www.redbus.in/bus-tickets/mandarmani-to-kolkata,Monikanchan Bus Service,Non AC Seater (2+3),12:25,03h 50m,16:15,4.2,194,39 Seats available
Mandarmani to Kolkata,https://www.redbus.in/bus-tickets/mandarmani-to-kolkata,Snemita Pariseba(Santosh),AC Seater (2+3),10:30,04h 00m,14:30,3.9,243,35 Seats available
Mandarmani to Kolkata,https://www.redbus.in/bus-tickets/mandarmani-to-kolkata,City Express (Maa Chandi),A/C Executive (2+3),12:40,04h 05m,16:45,3.0,270,26 Seats available
Mandarmani to Kolkata,https://www.redbus.in/bus-tickets/mandarmani-to-kolkata,Snemita Parisheba (Santosh),AC Seater (2+3),11:10,04h 00m,15:10,3.5,243,36 Seats available
Mandarmani to Kolkata,https://www.redbus.in/bus-tickets/mandarmani-to-kolkata,Snemita Parisheba (Santosh),AC Seater (2+3),11:35,03h 55m,15:30,2.7,243,35 Seats available
Mandarmani to Kolkata,https://www.redbus.in/bus-tickets/mandarmani-to-kolkata,Snemita Parisheba(Santosh),AC Seater (2+3),14:05,04h 00m,18:05,2.8,243,31 Seats available
Mandarmani to Kolkata,https://www.redbus.in/bus-tickets/mandarmani-to-kolkata,Snemita Parisheba,A/C Seater Push Back (2+3),13:15,04h 00m,17:15,1.8,243,25 Seats available
Mandarmani to Kolkata,https://www.redbus.in/bus-tickets/mandarmani-to-kolkata,Parameswar Travels,A/C Seater Push Back (2+3),18:30,05h 00m,23:30,1.4,285,31 Seats available
Mandarmani to Kolkata,https://www.redbus.in/bus-tickets/mandarmani-to-kolkata,Snemita Paribahan(Maa Gauri Gold),A/C Push Back (2+3),07:40,03h 50m,11:30,1.7,270,31 Seats available
Mandarmani to Kolkata,https://www.redbus.in/bus-tickets/mandarmani-to-kolkata,Snemita Parisheba(Santosh),AC Seater (2+3),12:05,04h 05m,16:10,1.8,243,36 Seats available
Mandarmani to Kolkata,https://www.redbus.in/bus-tickets/mandarmani-to-kolkata,Snemita Pariseba(Samanta),AC Seater (2+3),09:45,04h 00m,13:45,1.0,243,41 Seats available
Mandarmani to Kolkata,https://www.redbus.in/bus-tickets/mandarmani-to-kolkata,Parameswar Travels,A/C Seater Push Back (2+3),06:55,04h 15m,11:10,1.6,238,31 Seats available
Mandarmani to Kolkata,https://www.redbus.in/bus-tickets/mandarmani-to-kolkata,Subhadip Travels,A/C Executive (2+3),09:05,03h 40m,12:45,2.8,225,56 Seats available
Mandarmani to Kolkata,https://www.redbus.in/bus-tickets/mandarmani-to-kolkata,Subhadip Travels(Radha Gobinda),A/C Seater (2+3),09:00,03h 50m,12:50,2.8,216,59 Seats available
Mandarmani to Kolkata,https://www.redbus.in/bus-tickets/mandarmani-to-kolkata,Ankita Paribahan(Parameswar),A/C Seater (2+3),11:40,03h 50m,15:30,2.5,270,36 Seats available
Mandarmani to Kolkata,https://www.redbus.in/bus-tickets/mandarmani-to-kolkata,Parameswar Travels,A/C Seater Push Back (2+3),12:15,04h 45m,17:00,1.6,238,26 Seats available
Mandarmani to Kolkata,https://www.redbus.in/bus-tickets/mandarmani-to-kolkata,Snemita Parisheba(Santosh),AC Seater (2+3),12:10,03h 30m,15:40,3.3,297,31 Seats available
Mandarmani to Kolkata,https://www.redbus.in/bus-tickets/mandarmani-to-kolkata,Monikanchan Bus Service,A/C Seater (2+3),13:10,03h 30m,16:40,3.1,338,21 Seats available
Mandarmani to Kolkata,https://www.redbus.in/bus-tickets/mandarmani-to-kolkata,City Express (Maa Chandi),A/C Executive (2+3),08:00,04h 05m,12:05,3.0,270,26 Seats available
Mandarmani to Kolkata,https://www.redbus.in/bus-tickets/mandarmani-to-kolkata,Parameswar Travels,A/C Seater Push Back (2+3),22:05,04h 55m,03:00,1.6,238,15 Seats available
Mandarmani to Kolkata,https://www.redbus.in/bus-tickets/mandarmani-to-kolkata,Ankita Paribahan(Parameswar),A/C Seater (2+3),10:10,03h 45m,13:55,2.0,288,36 Seats available
Mandarmani to Kolkata,https://www.redbus.in/bus-tickets/mandarmani-to-kolkata,City Express (Maa Gauri),AC Seater (2+3),06:20,03h 50m,10:10,1.7,270,15 Seats available
Mandarmani to Kolkata,https://www.redbus.in/bus-tickets/mandarmani-to-kolkata,City Express (Ruposhi),AC Seater (2+3),08:15,04h 00m,12:15,3.0,270,31 Seats available
Mandarmani to Kolkata,https://www.redbus.in/bus-tickets/mandarmani-to-kolkata,City Express (Bhorpet),A/C Seater (2+3),07:50,04h 00m,11:50,3.0,270,26 Seats available
Mandarmani to Kolkata,https://www.redbus.in/bus-tickets/mandarmani-to-kolkata,Haimanti Bus Service,AC Seater (2+3),06:35,03h 55m,10:30,1.9,INR 200,20 Seats available
Mandarmani to Kolkata,https://www.redbus.in/bus-tickets/mandarmani-to-kolkata,Snemita Paribahan (Angel),AC Seater (2+3),14:30,04h 00m,18:30,2.1,333,30 Seats available
Mandarmani to Kolkata,https://www.redbus.in/bus-tickets/mandarmani-to-kolkata,Ankita Paribahan(Parameswar),AC Seater (2+2),11:00,03h 40m,14:40,2.1,360,38 Seats available
Kolkata to Mandarmani,https://www.redbus.in/bus-tickets/kolkata-to-mandarmani,West bengal transport corporation - 74722,Non AC Seater (2+3),05:15,04h 05m,09:20,4.0,INR 145,31 Seats available
Kolkata to Mandarmani,https://www.redbus.in/bus-tickets/kolkata-to-mandarmani,West bengal transport corporation - 123496,Non AC Seater (2+3),16:15,04h 00m,20:15,3.9,INR 145,23 Seats available
Kolkata to Mandarmani,https://www.redbus.in/bus-tickets/kolkata-to-mandarmani,West bengal transport corporation - 157764,Non AC Seater (2+3),17:15,04h 00m,21:15,3.1,INR 145,33 Seats available
Kolkata to Mandarmani,https://www.redbus.in/bus-tickets/kolkata-to-mandarmani,Shyamoli Paribahan Pvt Ltd,VE A/C Seater (2+2),08:15,03h 45m,12:00,4.5,INR 416,15 Seats available
Kolkata to Mandarmani,https://www.redbus.in/bus-tickets/kolkata-to-mandarmani,Express Line,Volvo 9600 Multi Axle Semi-Sleeper (2+2),07:30,03h 40m,11:10,4.4,INR 299,26 Seats available
Kolkata to Mandarmani,https://www.redbus.in/bus-tickets/kolkata-to-mandarmani,Greenline,Volvo A/C Seater (2+2),06:45,04h 10m,10:55,4.4,INR 300,23 Seats available
Kolkata to Mandarmani,https://www.redbus.in/bus-tickets/kolkata-to-mandarmani,Shyamoli Paribahan Pvt Ltd,VE A/C Seater (2+2),23:30,04h 15m,03:45,4.8,INR 400,36 Seats available
Kolkata to Mandarmani,https://www.redbus.in/bus-tickets/kolkata-to-mandarmani,Samanta Travels,A/C Seater (2+3),08:40,04h 00m,12:40,3.8,INR 300,20 Seats available
Kolkata to Mandarmani,https://www.redbus.in/bus-tickets/kolkata-to-mandarmani,Sagufta Travels (Jackson),A/C Seater (2+2),08:00,04h 00m,12:00,4.3,347,20 Seats available
Kolkata to Mandarmani,https://www.redbus.in/bus-tickets/kolkata-to-mandarmani,Jay Baba Bhutnath,A/C Seater (2+3),08:30,04h 00m,12:30,4.2,333,25 Seats available
Kolkata to Mandarmani,https://www.redbus.in/bus-tickets/kolkata-to-mandarmani,Express Line,VE A/C Seater (2+2),23:45,04h 20m,04:05,4.5,INR 339,39 Seats available
Kolkata to Mandarmani,https://www.redbus.in/bus-tickets/kolkata-to-mandarmani,Snemita Paribahan(Snemita),AC Seater (2+3),05:55,04h 05m,10:00,4.5,338,26 Seats available
Kolkata to Mandarmani,https://www.redbus.in/bus-tickets/kolkata-to-mandarmani,City Express (Snemita),AC Seater (2+3),05:35,04h 00m,09:35,3.6,279,30 Seats available
Kolkata to Mandarmani,https://www.redbus.in/bus-tickets/kolkata-to-mandarmani,Basu Travels,A/C Seater / Sleeper (2+2),23:59,04h 01m,04:00,4.6,319,34 Seats available
Kolkata to Mandarmani,https://www.redbus.in/bus-tickets/kolkata-to-mandarmani,City Express,AC Seater (2+3),07:00,03h 30m,10:30,5.0,338,31 Seats available
Kolkata to Mandarmani,https://www.redbus.in/bus-tickets/kolkata-to-mandarmani,Maa Chandi Travels,A/C Seater / Sleeper (2+2),22:00,07h 10m,05:10,3.5,INR 400,39 Seats available
Kolkata to Mandarmani,https://www.redbus.in/bus-tickets/kolkata-to-mandarmani,Sagufta Travels(Maa Chandi),A/C Seater / Sleeper (2+2),23:57,04h 30m,04:27,4.5,347,33 Seats available
Kolkata to Mandarmani,https://www.redbus.in/bus-tickets/kolkata-to-mandarmani,Maa Chandi Travels,A/C Seater / Sleeper (2+2),23:57,04h 23m,04:20,3.9,INR 400,41 Seats available
Kolkata to Mandarmani,https://www.redbus.in/bus-tickets/kolkata-to-mandarmani,Snemita Parisheba (Manikanchan),AC Seater (2+3),06:35,04h 15m,10:50,3.6,333,12 Seats available
Kolkata to Mandarmani,https://www.redbus.in/bus-tickets/kolkata-to-mandarmani,Sagufta Travels(Satya),A/C Seater Push Back (2+3),06:50,04h 00m,10:50,3.8,291,20 Seats available
Kolkata to Mandarmani,https://www.redbus.in/bus-tickets/kolkata-to-mandarmani,City Express (SHINJINI),AC Seater (2+3),06:39,04h 01m,10:40,4.1,279,30 Seats available
Kolkata to Mandarmani,https://www.redbus.in/bus-tickets/kolkata-to-mandarmani,Sagufta Travels (Samanta),A/C Seater Push Back (2+3),08:40,03h 50m,12:30,3.1,299,20 Seats available
Kolkata to Mandarmani,https://www.redbus.in/bus-tickets/kolkata-to-mandarmani,Sagufta Travels(Shinjini),A/C Seater (2+3),06:40,04h 00m,10:40,3.5,338,25 Seats available
Kolkata to Mandarmani,https://www.redbus.in/bus-tickets/kolkata-to-mandarmani,Mayuri Express,AC Seater (2+2),23:15,03h 45m,03:00,3.9,270,25 Seats available
Kolkata to Mandarmani,https://www.redbus.in/bus-tickets/kolkata-to-mandarmani,Sagufta Travels (Kojagor),A/C Seater (2+3),15:50,04h 00m,19:50,3.1,299,10 Seats available
Kolkata to Mandarmani,https://www.redbus.in/bus-tickets/kolkata-to-mandarmani,Satya Paribahan,A/C Seater (2+3),06:50,04h 10m,11:00,3.4,INR 320,41 Seats available
Kolkata to Mandarmani,https://www.redbus.in/bus-tickets/kolkata-to-mandarmani,Sagufta Travels (Atithi),A/C Seater Push Back (2+3),23:59,04h 31m,04:30,3.0,299,41 Seats available
Kolkata to Mandarmani,https://www.redbus.in/bus-tickets/kolkata-to-mandarmani,Parameswar Travels,A/C Seater Push Back (2+3),07:35,04h 10m,11:45,2.6,238,36 Seats available
Kolkata to Mandarmani,https://www.redbus.in/bus-tickets/kolkata-to-mandarmani,Sagufta Travels(Shinjini),A/C Seater (2+3),05:50,03h 55m,09:45,2.8,338,25 Seats available
Kolkata to Mandarmani,https://www.redbus.in/bus-tickets/kolkata-to-mandarmani,Sagufta Travels (Jagannath),A/C Seater Push Back (2+3),08:20,04h 00m,12:20,2.7,299,20 Seats available
Kolkata to Mandarmani,https://www.redbus.in/bus-tickets/kolkata-to-mandarmani,Parameswar Travels,A/C Seater Push Back (2+3),23:59,04h 31m,04:30,3.0,285,49 Seats available
Kolkata to Mandarmani,https://www.redbus.in/bus-tickets/kolkata-to-mandarmani,Snemita Parisheba (Sneha Gold),AC Seater (2+3),09:15,04h 00m,13:15,2.9,342,26 Seats available
Kolkata to Mandarmani,https://www.redbus.in/bus-tickets/kolkata-to-mandarmani,Snemita Paribahan(Shinjini),A/C Seater (2+3),23:50,04h 10m,04:00,3.0,320,20 Seats available
Kolkata to Mandarmani,https://www.redbus.in/bus-tickets/kolkata-to-mandarmani,Parameswar Travels,A/C Seater Push Back (2+2),06:50,04h 10m,11:00,2.7,285,42 Seats available
Kolkata to Mandarmani,https://www.redbus.in/bus-tickets/kolkata-to-mandarmani,Parameswar Travels,A/C Seater Push Back (2+3),23:55,04h 35m,04:30,2.7,285,49 Seats available
Kolkata to Mandarmani,https://www.redbus.in/bus-tickets/kolkata-to-mandarmani,Sagufta Travels(Satya),A/C Seater Push Back (2+3),07:20,04h 20m,11:40,2.0,291,20 Seats available
Kolkata to Mandarmani,https://www.redbus.in/bus-tickets/kolkata-to-mandarmani,Snemita Paribahan (Maa Chandi)),A/C Push Back (2+3),06:21,03h 54m,10:15,2.7,333,36 Seats available
Kolkata to Mandarmani,https://www.redbus.in/bus-tickets/kolkata-to-mandarmani,Sagufta Travels (Maa Gauri),A/C Seater Push Back (2+3),12:30,04h 10m,16:40,1.8,299,20 Seats available
Kolkata to Mandarmani,https://www.redbus.in/bus-tickets/kolkata-to-mandarmani,Monikanchan Bus Service,A/C Seater (2+3),07:15,03h 50m,11:05,1.8,338,30 Seats available
Kolkata to Mandarmani,https://www.redbus.in/bus-tickets/kolkata-to-mandarmani,Sagufta Travels (Sagar Kanya),A/C Seater Push Back (2+3),23:30,04h 30m,04:00,2.8,299,20 Seats available
Kolkata to Mandarmani,https://www.redbus.in/bus-tickets/kolkata-to-mandarmani,Snemita Paribahan(Maa Gauri Gold),AC Seater (2+3),11:00,04h 00m,15:00,1.7,270,20 Seats available
Kolkata to Mandarmani,https://www.redbus.in/bus-tickets/kolkata-to-mandarmani,Sagufta Travels (Maa Chandi),A/C Seater Push Back (2+3),13:30,04h 15m,17:45,1.7,299,20 Seats available
Kolkata to Mandarmani,https://www.redbus.in/bus-tickets/kolkata-to-mandarmani,City Express (Snemita),AC Seater (2+3),06:25,03h 35m,10:00,3.7,338,16 Seats available
Kolkata to Mandarmani,https://www.redbus.in/bus-tickets/kolkata-to-mandarmani,SANTOSH BUS SERVICE,AC Seater (2+3),05:55,04h 20m,10:15,3.7,INR 450,41 Seats available
Kolkata to Mandarmani,https://www.redbus.in/bus-tickets/kolkata-to-mandarmani,City Express (Jackson),AC Seater (2+2),08:00,04h 00m,12:00,3.7,333,12 Seats available
Kolkata to Mandarmani,https://www.redbus.in/bus-tickets/kolkata-to-mandarmani,City Express (BHORPET),AC Seater (2+3),17:40,04h 05m,21:45,3.7,270,31 Seats available
Kolkata to Mandarmani,https://www.redbus.in/bus-tickets/kolkata-to-mandarmani,ADHIKARY PARIBAHAN,A/C Seater (2+3),15:15,04h 00m,19:15,3.7,266,41 Seats available
Kolkata to Mandarmani,https://www.redbus.in/bus-tickets/kolkata-to-mandarmani,SANTOSH BUS SERVICE,AC Seater (2+3),19:25,03h 55m,23:20,3.7,INR 250,41 Seats available
Kolkata to Mandarmani,https://www.redbus.in/bus-tickets/kolkata-to-mandarmani,City Express (Shinjini),AC Seater (2+3),23:50,04h 20m,04:10,3.7,333,35 Seats available
Kolkata to Mandarmani,https://www.redbus.in/bus-tickets/kolkata-to-mandarmani,Samanta Travels,A/C Seater (2+3),18:50,03h 40m,22:30,3.7,INR 300,61 Seats available
Kolkata to Mandarmani,https://www.redbus.in/bus-tickets/kolkata-to-mandarmani,City Express (Angel),AC Seater (2+3),08:30,04h 00m,12:30,3.6,320,21 Seats available
Kolkata to Mandarmani,https://www.redbus.in/bus-tickets/kolkata-to-mandarmani,Aradhana Travels,Non AC Seater (2+3),02:15,04h 15m,06:30,3.9,450,13 Seats available
Kolkata to Mandarmani,https://www.redbus.in/bus-tickets/kolkata-to-mandarmani,City Express,AC Seater (2+3),06:00,03h 50m,09:50,3.2,320,26 Seats available
Kolkata to Mandarmani,https://www.redbus.in/bus-tickets/kolkata-to-mandarmani,Sagufta Travels (Samanta),A/C Seater (2+3),18:00,04h 00m,22:00,3.2,299,20 Seats available
Kolkata to Mandarmani,https://www.redbus.in/bus-tickets/kolkata-to-mandarmani,Sagufta Travels(Sonamoni),A/C Seater Push Back (2+3),11:20,04h 40m,16:00,3.2,299,20 Seats available
Kolkata to Mandarmani,https://www.redbus.in/bus-tickets/kolkata-to-mandarmani,Sagufta Travels(Lokenath),A/C Seater Push Back (2+3),00:30,04h 40m,05:10,3.2,299,30 Seats available
Kolkata to Mandarmani,https://www.redbus.in/bus-tickets/kolkata-to-mandarmani,Sneha Gold Bus Service,A/C Seater (2+3),09:10,04h 00m,13:10,3.2,INR 300,15 Seats available
Kolkata to Mandarmani,https://www.redbus.in/bus-tickets/kolkata-to-mandarmani,Sagufta Travels (Mayuri),A/C Seater (2+2),23:15,04h 30m,03:45,3.2,347,49 Seats available
Kolkata to Mandarmani,https://www.redbus.in/bus-tickets/kolkata-to-mandarmani,Sagufta Travels (Maity),A/C Seater (2+3),00:55,04h 35m,05:30,3.2,299,30 Seats available
Kolkata to Mandarmani,https://www.redbus.in/bus-tickets/kolkata-to-mandarmani,Sagufta Travels (Kojagor),A/C Seater Push Back (2+3),17:00,04h 30m,21:30,3.2,299,26 Seats available
Kolkata to Mandarmani,https://www.redbus.in/bus-tickets/kolkata-to-mandarmani,Sagufta Travels(Angel),A/C Seater (2+2),23:58,04h 42m,04:40,3.1,299,24 Seats available
Kolkata to Mandarmani,https://www.redbus.in/bus-tickets/kolkata-to-mandarmani,Monikanchan Bus Service,A/C Seater (2+3),07:00,03h 45m,10:45,3.2,338,20 Seats available
Kolkata to Mandarmani,https://www.redbus.in/bus-tickets/kolkata-to-mandarmani,Sagufta Travels (Snemita),A/C Seater (2+3),05:35,03h 50m,09:25,4.0,291,25 Seats available
Kolkata to Mandarmani,https://www.redbus.in/bus-tickets/kolkata-to-mandarmani,Snemita Paribahan,AC Seater (2+3),06:00,03h 50m,09:50,4.5,320,28 Seats available
Kolkata to Mandarmani,https://www.redbus.in/bus-tickets/kolkata-to-mandarmani,Monikanchan Bus Service,A/C Seater (2+3),06:25,03h 50m,10:15,3.0,338,54 Seats available
Kolkata to Mandarmani,https://www.redbus.in/bus-tickets/kolkata-to-mandarmani,Snemita Paribahan (ANGEL),A/C Seater Push Back (2+2),23:58,04h 02m,04:00,3.0,320,25 Seats available
Kolkata to Mandarmani,https://www.redbus.in/bus-tickets/kolkata-to-mandarmani,Snemita Paribahan (SHINJINI),A/C Seater (2+3),05:50,04h 00m,09:50,3.0,270,30 Seats available
Kolkata to Mandarmani,https://www.redbus.in/bus-tickets/kolkata-to-mandarmani,Snemita Paribahan,Non AC Seater (2+3),05:00,04h 15m,09:15,0,198,54 Seats available
